timestamp,namespace,repository,pull_count
2025-08-06T16:41:33.805378-07:00,lmcache,vllm-openai,48854
2025-08-06T16:41:34.099402-07:00,lmcache,lmstack-router,63779
2025-08-06T16:45:01.036359-07:00,lmcache,vllm-openai,48864
2025-08-06T16:45:01.298411-07:00,lmcache,lmstack-router,63779
2025-08-06T17:02:07.750890-07:00,lmcache,vllm-openai,48889
2025-08-06T17:02:08.046688-07:00,lmcache,lmstack-router,63792
2025-08-06T17:03:46.178433-07:00,lmcache,vllm-openai,48893
2025-08-06T17:03:46.296284-07:00,lmcache,lmstack-router,63792
2025-08-06T19:45:00.599486-07:00,lmcache,vllm-openai,49106
2025-08-06T19:45:00.830949-07:00,lmcache,lmstack-router,63824
2025-08-07T01:08:37.173315-07:00,lmcache,vllm-openai,49407
2025-08-07T01:08:37.268414-07:00,lmcache,lmstack-router,63922
2025-08-07T07:03:09.235843-07:00,lmcache,vllm-openai,49818
2025-08-07T07:03:09.282829-07:00,lmcache,lmstack-router,64029
2025-08-07T13:07:34.524586-07:00,lmcache,vllm-openai,50117
2025-08-07T13:07:34.569871-07:00,lmcache,lmstack-router,64193
2025-08-07T19:45:08.019512-07:00,lmcache,vllm-openai,50233
2025-08-07T19:45:08.261690-07:00,lmcache,lmstack-router,64267
2025-08-08T01:08:54.739342-07:00,lmcache,vllm-openai,50286
2025-08-08T01:08:54.972774-07:00,lmcache,lmstack-router,64326
2025-08-08T07:02:33.771124-07:00,lmcache,vllm-openai,50380
2025-08-08T07:02:33.804983-07:00,lmcache,lmstack-router,64402
2025-08-08T13:07:23.300468-07:00,lmcache,vllm-openai,50470
2025-08-08T13:07:23.350555-07:00,lmcache,lmstack-router,64497
2025-08-08T19:35:50.735109-07:00,lmcache,vllm-openai,50565
2025-08-08T19:35:50.952957-07:00,lmcache,lmstack-router,64563
2025-08-09T01:07:36.272762-07:00,lmcache,vllm-openai,50601
2025-08-09T01:07:36.325394-07:00,lmcache,lmstack-router,64643
2025-08-09T07:01:11.501647-07:00,lmcache,vllm-openai,50680
2025-08-09T07:01:11.597917-07:00,lmcache,lmstack-router,64699
2025-08-09T13:06:47.690359-07:00,lmcache,vllm-openai,50779
2025-08-09T13:06:47.779941-07:00,lmcache,lmstack-router,64755
2025-08-09T19:47:00.661464-07:00,lmcache,vllm-openai,50850
2025-08-09T19:47:00.908699-07:00,lmcache,lmstack-router,64814
2025-08-10T01:07:42.592656-07:00,lmcache,vllm-openai,50881
2025-08-10T01:07:42.824713-07:00,lmcache,lmstack-router,64884
2025-08-10T07:01:02.162473-07:00,lmcache,vllm-openai,51007
2025-08-10T07:01:02.259000-07:00,lmcache,lmstack-router,64957
2025-08-10T13:07:03.696156-07:00,lmcache,vllm-openai,51024
2025-08-10T13:07:03.733799-07:00,lmcache,lmstack-router,65033
2025-08-10T19:44:52.156560-07:00,lmcache,vllm-openai,51050
2025-08-10T19:44:52.192066-07:00,lmcache,lmstack-router,65095
2025-08-11T01:09:24.270530-07:00,lmcache,vllm-openai,51095
2025-08-11T01:09:24.353119-07:00,lmcache,lmstack-router,65175
2025-08-11T07:02:20.716921-07:00,lmcache,vllm-openai,51213
2025-08-11T07:02:20.756380-07:00,lmcache,lmstack-router,65286
2025-08-11T13:07:34.035250-07:00,lmcache,vllm-openai,51290
2025-08-11T13:07:34.075357-07:00,lmcache,lmstack-router,65312
2025-08-11T19:35:03.489641-07:00,lmcache,vllm-openai,51375
2025-08-11T19:35:03.541999-07:00,lmcache,lmstack-router,65370
2025-08-12T01:08:23.755116-07:00,lmcache,vllm-openai,51483
2025-08-12T01:08:24.001769-07:00,lmcache,lmstack-router,65447
2025-08-12T07:01:30.274813-07:00,lmcache,vllm-openai,51587
2025-08-12T07:01:30.311653-07:00,lmcache,lmstack-router,65623
2025-08-12T13:07:28.947911-07:00,lmcache,vllm-openai,51646
2025-08-12T13:07:29.181187-07:00,lmcache,lmstack-router,65675
2025-08-12T19:36:04.850027-07:00,lmcache,vllm-openai,51697
2025-08-12T19:36:04.903673-07:00,lmcache,lmstack-router,65732
2025-08-13T01:08:21.547424-07:00,lmcache,vllm-openai,51794
2025-08-13T01:08:21.583726-07:00,lmcache,lmstack-router,65786
2025-08-13T07:01:40.882362-07:00,lmcache,vllm-openai,51856
2025-08-13T07:01:41.019348-07:00,lmcache,lmstack-router,65879
2025-08-13T13:07:22.781472-07:00,lmcache,vllm-openai,51974
2025-08-13T13:07:22.917221-07:00,lmcache,lmstack-router,66054
2025-08-13T19:36:48.645602-07:00,lmcache,vllm-openai,52027
2025-08-13T19:36:48.680326-07:00,lmcache,lmstack-router,66139
2025-08-14T01:08:51.669107-07:00,lmcache,vllm-openai,52088
2025-08-14T01:08:51.898297-07:00,lmcache,lmstack-router,66239
2025-08-14T07:01:24.843753-07:00,lmcache,vllm-openai,52214
2025-08-14T07:01:24.889877-07:00,lmcache,lmstack-router,66321
2025-08-14T13:07:53.903705-07:00,lmcache,vllm-openai,52310
2025-08-14T13:07:54.146230-07:00,lmcache,lmstack-router,66400
2025-08-14T19:37:55.002955-07:00,lmcache,vllm-openai,52376
2025-08-14T19:37:55.047654-07:00,lmcache,lmstack-router,66476
2025-08-15T01:08:48.381033-07:00,lmcache,vllm-openai,52414
2025-08-15T01:08:48.501165-07:00,lmcache,lmstack-router,66506
2025-08-15T07:01:14.437269-07:00,lmcache,vllm-openai,52480
2025-08-15T07:01:14.473314-07:00,lmcache,lmstack-router,66609
2025-08-15T13:07:13.291013-07:00,lmcache,vllm-openai,52513
2025-08-15T13:07:13.378701-07:00,lmcache,lmstack-router,66789
2025-08-15T19:34:15.267704-07:00,lmcache,vllm-openai,52564
2025-08-15T19:34:15.356721-07:00,lmcache,lmstack-router,66902
2025-08-16T01:07:27.143023-07:00,lmcache,vllm-openai,52580
2025-08-16T01:09:43.363891-07:00,lmcache,lmstack-router,66918
2025-08-16T07:01:11.340999-07:00,lmcache,vllm-openai,52657
2025-08-16T07:01:11.376784-07:00,lmcache,lmstack-router,67021
2025-08-16T13:06:32.440789-07:00,lmcache,vllm-openai,52672
2025-08-16T13:06:32.532956-07:00,lmcache,lmstack-router,67042
2025-08-16T19:40:53.118533-07:00,lmcache,vllm-openai,52682
2025-08-16T19:40:53.241293-07:00,lmcache,lmstack-router,67093
2025-08-17T01:07:33.696110-07:00,lmcache,vllm-openai,52693
2025-08-17T01:07:33.806416-07:00,lmcache,lmstack-router,67166
2025-08-17T07:01:05.471259-07:00,lmcache,vllm-openai,52704
2025-08-17T07:01:05.716642-07:00,lmcache,lmstack-router,67240
2025-08-17T13:06:55.212893-07:00,lmcache,vllm-openai,52716
2025-08-17T13:06:55.294596-07:00,lmcache,lmstack-router,67323
2025-08-17T19:42:19.029473-07:00,lmcache,vllm-openai,52726
2025-08-17T19:42:19.058835-07:00,lmcache,lmstack-router,67460
2025-08-18T01:09:16.274833-07:00,lmcache,vllm-openai,52880
2025-08-18T01:09:16.404862-07:00,lmcache,lmstack-router,67586
2025-08-18T07:01:50.054794-07:00,lmcache,vllm-openai,53106
2025-08-18T07:01:50.212358-07:00,lmcache,lmstack-router,67733
2025-08-18T13:07:34.637691-07:00,lmcache,vllm-openai,53135
2025-08-18T13:07:34.673757-07:00,lmcache,lmstack-router,67799
2025-08-18T19:33:36.624500-07:00,lmcache,vllm-openai,53197
2025-08-18T19:33:36.693765-07:00,lmcache,lmstack-router,67881
2025-08-19T01:08:21.432815-07:00,lmcache,vllm-openai,53296
2025-08-19T01:08:21.572132-07:00,lmcache,lmstack-router,67951
2025-08-19T07:01:19.649736-07:00,lmcache,vllm-openai,53599
2025-08-19T07:01:19.909936-07:00,lmcache,lmstack-router,68114
2025-08-19T13:07:34.986530-07:00,lmcache,vllm-openai,53626
2025-08-19T13:07:35.099831-07:00,lmcache,lmstack-router,68146
2025-08-19T19:33:00.477781-07:00,lmcache,vllm-openai,53715
2025-08-19T19:33:00.544046-07:00,lmcache,lmstack-router,68215
2025-08-20T01:08:18.888286-07:00,lmcache,vllm-openai,53806
2025-08-20T01:08:19.008267-07:00,lmcache,lmstack-router,68250
2025-08-20T07:01:22.683586-07:00,lmcache,vllm-openai,53905
2025-08-20T07:01:22.901753-07:00,lmcache,lmstack-router,68388
2025-08-20T13:07:28.972995-07:00,lmcache,vllm-openai,53977
2025-08-20T13:07:29.090625-07:00,lmcache,lmstack-router,68488
2025-08-20T19:33:09.734634-07:00,lmcache,vllm-openai,54106
2025-08-20T19:33:09.855419-07:00,lmcache,lmstack-router,68550
2025-08-21T01:08:40.301106-07:00,lmcache,vllm-openai,54150
2025-08-21T01:08:40.364206-07:00,lmcache,lmstack-router,68579
2025-08-21T07:01:16.169675-07:00,lmcache,vllm-openai,54234
2025-08-21T07:01:16.297006-07:00,lmcache,lmstack-router,68773
2025-08-21T13:07:29.643483-07:00,lmcache,vllm-openai,54393
2025-08-21T13:07:29.711771-07:00,lmcache,lmstack-router,68961
2025-08-21T19:33:10.876054-07:00,lmcache,vllm-openai,54459
2025-08-21T19:33:10.983678-07:00,lmcache,lmstack-router,69040
2025-08-22T01:08:15.601215-07:00,lmcache,vllm-openai,54606
2025-08-22T01:08:15.729433-07:00,lmcache,lmstack-router,69082
2025-08-22T07:01:12.191274-07:00,lmcache,vllm-openai,54683
2025-08-22T07:01:12.262638-07:00,lmcache,lmstack-router,69243
2025-08-22T13:07:15.759050-07:00,lmcache,vllm-openai,54705
2025-08-22T13:07:15.971964-07:00,lmcache,lmstack-router,69323
2025-08-22T19:31:14.418878-07:00,lmcache,vllm-openai,54725
2025-08-22T19:31:14.626698-07:00,lmcache,lmstack-router,69523
2025-08-23T01:06:55.035780-07:00,lmcache,vllm-openai,54756
2025-08-23T01:06:55.097023-07:00,lmcache,lmstack-router,69596
2025-08-23T07:01:03.644788-07:00,lmcache,vllm-openai,54798
2025-08-23T07:01:03.725208-07:00,lmcache,lmstack-router,69728
2025-08-23T13:06:24.401491-07:00,lmcache,vllm-openai,54810
2025-08-23T13:06:24.505018-07:00,lmcache,lmstack-router,69837
2025-08-23T19:36:40.408267-07:00,lmcache,vllm-openai,54829
2025-08-23T19:36:40.460341-07:00,lmcache,lmstack-router,69959
2025-08-24T01:07:03.603030-07:00,lmcache,vllm-openai,54916
2025-08-24T01:07:03.831440-07:00,lmcache,lmstack-router,70021
2025-08-24T07:01:08.003038-07:00,lmcache,vllm-openai,54979
2025-08-24T07:01:08.293847-07:00,lmcache,lmstack-router,70118
2025-08-24T13:07:08.719826-07:00,lmcache,vllm-openai,54986
2025-08-24T13:07:08.850376-07:00,lmcache,lmstack-router,70259
2025-08-24T19:34:43.924002-07:00,lmcache,vllm-openai,55011
2025-08-24T19:34:44.004395-07:00,lmcache,lmstack-router,70363
2025-08-25T01:08:49.739157-07:00,lmcache,vllm-openai,55052
2025-08-25T01:08:49.966781-07:00,lmcache,lmstack-router,70490
2025-08-25T07:01:18.897580-07:00,lmcache,vllm-openai,55156
2025-08-25T07:01:19.111471-07:00,lmcache,lmstack-router,70592
2025-08-25T13:07:11.625650-07:00,lmcache,vllm-openai,55242
2025-08-25T13:07:11.890572-07:00,lmcache,lmstack-router,70707
2025-08-25T19:33:27.132789-07:00,lmcache,vllm-openai,55387
2025-08-25T19:33:27.185985-07:00,lmcache,lmstack-router,70840
2025-08-26T01:08:33.362018-07:00,lmcache,vllm-openai,55527
2025-08-26T01:08:33.424994-07:00,lmcache,lmstack-router,70920
2025-08-26T07:01:17.892398-07:00,lmcache,vllm-openai,55649
2025-08-26T07:01:18.186336-07:00,lmcache,lmstack-router,71125
2025-08-26T13:07:11.218973-07:00,lmcache,vllm-openai,55773
2025-08-26T13:07:11.346891-07:00,lmcache,lmstack-router,71217
2025-08-26T19:31:22.498018-07:00,lmcache,vllm-openai,55908
2025-08-26T19:31:22.600897-07:00,lmcache,lmstack-router,71343
2025-08-27T01:08:02.378676-07:00,lmcache,vllm-openai,55971
2025-08-27T01:08:02.500662-07:00,lmcache,lmstack-router,71419
2025-08-27T07:01:30.192598-07:00,lmcache,vllm-openai,56117
2025-08-27T07:01:30.341487-07:00,lmcache,lmstack-router,71588
2025-08-27T13:07:07.106347-07:00,lmcache,vllm-openai,56221
2025-08-27T13:07:07.323520-07:00,lmcache,lmstack-router,71686
2025-08-27T19:31:28.421398-07:00,lmcache,vllm-openai,56330
2025-08-27T19:31:28.477929-07:00,lmcache,lmstack-router,71784
2025-08-28T01:08:01.347936-07:00,lmcache,vllm-openai,56407
2025-08-28T01:08:01.419672-07:00,lmcache,lmstack-router,71995
2025-08-28T07:01:20.826579-07:00,lmcache,vllm-openai,56534
2025-08-28T07:01:21.089335-07:00,lmcache,lmstack-router,72141
2025-08-28T13:07:25.204674-07:00,lmcache,vllm-openai,56640
2025-08-28T13:07:25.452701-07:00,lmcache,lmstack-router,72243
2025-08-28T19:31:27.963524-07:00,lmcache,vllm-openai,56833
2025-08-28T19:31:28.075672-07:00,lmcache,lmstack-router,72297
2025-08-29T01:07:56.206448-07:00,lmcache,vllm-openai,56949
2025-08-29T01:07:56.262596-07:00,lmcache,lmstack-router,72429
2025-08-29T07:01:22.989822-07:00,lmcache,vllm-openai,57118
2025-08-29T07:01:23.111925-07:00,lmcache,lmstack-router,72538
2025-08-29T13:06:58.514552-07:00,lmcache,vllm-openai,57256
2025-08-29T13:06:58.733043-07:00,lmcache,lmstack-router,72629
2025-08-29T19:28:35.826026-07:00,lmcache,vllm-openai,57390
2025-08-29T19:28:36.033067-07:00,lmcache,lmstack-router,72711
2025-08-30T01:06:45.768801-07:00,lmcache,vllm-openai,57472
2025-08-30T01:06:45.889758-07:00,lmcache,lmstack-router,72772
2025-08-30T07:01:13.816900-07:00,lmcache,vllm-openai,57607
2025-08-30T07:01:13.977778-07:00,lmcache,lmstack-router,72784
2025-08-30T13:06:23.916963-07:00,lmcache,vllm-openai,57719
2025-08-30T13:06:24.173622-07:00,lmcache,lmstack-router,72934
2025-08-30T19:32:37.222149-07:00,lmcache,vllm-openai,57804
2025-08-30T19:32:37.274684-07:00,lmcache,lmstack-router,72959
2025-08-31T01:07:10.983444-07:00,lmcache,vllm-openai,57872
2025-08-31T01:07:11.202487-07:00,lmcache,lmstack-router,73020
2025-08-31T07:01:08.317336-07:00,lmcache,vllm-openai,58157
2025-08-31T07:01:08.418796-07:00,lmcache,lmstack-router,73156
2025-08-31T13:06:41.199632-07:00,lmcache,vllm-openai,58254
2025-08-31T13:06:41.328050-07:00,lmcache,lmstack-router,73229
2025-08-31T19:38:41.702048-07:00,lmcache,vllm-openai,58318
2025-08-31T19:38:41.761184-07:00,lmcache,lmstack-router,73314
2025-09-01T01:09:04.115440-07:00,lmcache,vllm-openai,58481
2025-09-01T01:09:04.226431-07:00,lmcache,lmstack-router,73401
2025-09-01T07:01:23.054386-07:00,lmcache,vllm-openai,58625
2025-09-01T07:01:23.202020-07:00,lmcache,lmstack-router,73588
2025-09-01T13:06:42.242422-07:00,lmcache,vllm-openai,58733
2025-09-01T13:06:42.305380-07:00,lmcache,lmstack-router,73832
2025-09-01T19:32:25.769354-07:00,lmcache,vllm-openai,58865
2025-09-01T19:32:25.821939-07:00,lmcache,lmstack-router,74371
2025-09-02T01:08:51.666787-07:00,lmcache,vllm-openai,59008
2025-09-02T01:08:51.799061-07:00,lmcache,lmstack-router,75829
2025-09-02T07:01:15.577461-07:00,lmcache,vllm-openai,59147
2025-09-02T07:01:15.645855-07:00,lmcache,lmstack-router,76426
2025-09-02T13:06:57.394818-07:00,lmcache,vllm-openai,59316
2025-09-02T13:06:57.522580-07:00,lmcache,lmstack-router,76598
2025-09-02T19:28:18.355165-07:00,lmcache,vllm-openai,59400
2025-09-02T19:28:18.617773-07:00,lmcache,lmstack-router,76680
2025-09-03T01:07:57.808432-07:00,lmcache,vllm-openai,59569
2025-09-03T01:07:58.031844-07:00,lmcache,lmstack-router,76775
2025-09-03T07:01:24.891269-07:00,lmcache,vllm-openai,59771
2025-09-03T07:01:25.157597-07:00,lmcache,lmstack-router,76846
2025-09-03T13:06:57.927278-07:00,lmcache,vllm-openai,59950
2025-09-03T13:06:57.984995-07:00,lmcache,lmstack-router,76975
2025-09-03T19:28:35.044420-07:00,lmcache,vllm-openai,60093
2025-09-03T19:28:35.097281-07:00,lmcache,lmstack-router,77037
2025-09-04T01:07:55.507544-07:00,lmcache,vllm-openai,60170
2025-09-04T01:07:55.577026-07:00,lmcache,lmstack-router,77135
2025-09-04T07:01:27.581845-07:00,lmcache,vllm-openai,60240
2025-09-04T07:01:27.804018-07:00,lmcache,lmstack-router,77198
2025-09-04T13:07:27.712600-07:00,lmcache,vllm-openai,60275
2025-09-04T13:07:27.776754-07:00,lmcache,lmstack-router,77347
2025-09-04T19:30:11.983509-07:00,lmcache,vllm-openai,60367
2025-09-04T19:30:12.049102-07:00,lmcache,lmstack-router,77491
2025-09-05T01:07:53.965858-07:00,lmcache,vllm-openai,60535
2025-09-05T01:07:54.021870-07:00,lmcache,lmstack-router,77635
2025-09-05T07:01:22.445079-07:00,lmcache,vllm-openai,60573
2025-09-05T07:01:22.615368-07:00,lmcache,lmstack-router,77800
2025-09-05T13:07:04.349747-07:00,lmcache,vllm-openai,60669
2025-09-05T13:07:04.542067-07:00,lmcache,lmstack-router,77948
2025-09-05T19:27:48.780479-07:00,lmcache,vllm-openai,60713
2025-09-05T19:27:48.965491-07:00,lmcache,lmstack-router,78081
2025-09-06T01:07:01.874052-07:00,lmcache,vllm-openai,60734
2025-09-06T01:07:01.994863-07:00,lmcache,lmstack-router,78222
2025-09-06T07:01:15.215745-07:00,lmcache,vllm-openai,60740
2025-09-06T07:01:15.467974-07:00,lmcache,lmstack-router,78317
2025-09-06T13:06:13.995209-07:00,lmcache,vllm-openai,60780
2025-09-06T13:06:14.133577-07:00,lmcache,lmstack-router,78423
2025-09-06T19:31:50.453389-07:00,lmcache,vllm-openai,60821
2025-09-06T19:31:50.705052-07:00,lmcache,lmstack-router,78526
2025-09-07T01:06:53.073146-07:00,lmcache,vllm-openai,60887
2025-09-07T01:06:53.128605-07:00,lmcache,lmstack-router,78579
2025-09-07T07:01:22.918545-07:00,lmcache,vllm-openai,60954
2025-09-07T07:01:23.081311-07:00,lmcache,lmstack-router,78626
2025-09-07T13:06:21.729034-07:00,lmcache,vllm-openai,60968
2025-09-07T13:06:21.919081-07:00,lmcache,lmstack-router,78748
2025-09-07T19:32:51.559049-07:00,lmcache,vllm-openai,61006
2025-09-07T19:32:51.812876-07:00,lmcache,lmstack-router,78788
2025-09-08T01:09:12.277728-07:00,lmcache,vllm-openai,61418
2025-09-08T01:09:12.489289-07:00,lmcache,lmstack-router,78881
2025-09-08T07:01:30.750268-07:00,lmcache,vllm-openai,61494
2025-09-08T07:01:30.859167-07:00,lmcache,lmstack-router,79037
2025-09-08T13:07:10.545548-07:00,lmcache,vllm-openai,61564
2025-09-08T13:07:15.612843-07:00,lmcache,lmstack-router,79199
2025-09-08T19:31:46.086375-07:00,lmcache,vllm-openai,61591
2025-09-08T19:31:46.438951-07:00,lmcache,lmstack-router,79257
2025-09-09T01:08:12.259832-07:00,lmcache,vllm-openai,62239
2025-09-09T01:08:12.519035-07:00,lmcache,lmstack-router,79357
2025-09-09T07:01:28.076447-07:00,lmcache,vllm-openai,62399
2025-09-09T07:01:28.376348-07:00,lmcache,lmstack-router,79512
2025-09-09T13:07:10.220260-07:00,lmcache,vllm-openai,62491
2025-09-09T13:07:10.427681-07:00,lmcache,lmstack-router,79609
2025-09-09T19:28:26.042853-07:00,lmcache,vllm-openai,62557
2025-09-09T19:28:26.103151-07:00,lmcache,lmstack-router,79756
2025-09-10T01:08:39.086734-07:00,lmcache,vllm-openai,62632
2025-09-10T01:08:39.155489-07:00,lmcache,lmstack-router,79917
2025-09-10T07:01:26.049825-07:00,lmcache,vllm-openai,62700
2025-09-10T07:01:26.117420-07:00,lmcache,lmstack-router,80065
2025-09-10T13:07:26.390318-07:00,lmcache,vllm-openai,62781
2025-09-10T13:07:26.554578-07:00,lmcache,lmstack-router,80183
2025-09-10T19:30:40.846604-07:00,lmcache,vllm-openai,62827
2025-09-10T19:30:40.910032-07:00,lmcache,lmstack-router,80296
2025-09-11T01:08:57.360919-07:00,lmcache,vllm-openai,62869
2025-09-11T01:08:57.557738-07:00,lmcache,lmstack-router,80390
2025-09-11T07:01:28.645520-07:00,lmcache,vllm-openai,62957
2025-09-11T07:01:28.774945-07:00,lmcache,lmstack-router,80503
2025-09-11T13:06:44.938289-07:00,lmcache,vllm-openai,62993
2025-09-11T13:06:45.148715-07:00,lmcache,lmstack-router,80581
2025-09-11T19:28:07.613439-07:00,lmcache,vllm-openai,63106
2025-09-11T19:28:07.886255-07:00,lmcache,lmstack-router,80619
2025-09-12T01:08:13.094093-07:00,lmcache,vllm-openai,63429
2025-09-12T01:08:13.158525-07:00,lmcache,lmstack-router,80714
2025-09-12T07:01:31.949392-07:00,lmcache,vllm-openai,63542
2025-09-12T07:01:32.016094-07:00,lmcache,lmstack-router,80772
2025-09-12T13:07:06.835365-07:00,lmcache,vllm-openai,63631
2025-09-12T13:07:07.041399-07:00,lmcache,lmstack-router,80902
2025-09-12T19:23:34.614633-07:00,lmcache,vllm-openai,63679
2025-09-12T19:23:34.676920-07:00,lmcache,lmstack-router,80998
2025-09-13T01:07:00.057749-07:00,lmcache,vllm-openai,63737
2025-09-13T01:07:00.109620-07:00,lmcache,lmstack-router,81121
2025-09-13T07:01:20.719847-07:00,lmcache,vllm-openai,63832
2025-09-13T07:01:20.929822-07:00,lmcache,lmstack-router,81229
2025-09-13T13:06:31.826013-07:00,lmcache,vllm-openai,63847
2025-09-13T13:06:31.946725-07:00,lmcache,lmstack-router,81305
2025-09-13T19:31:48.416631-07:00,lmcache,vllm-openai,63862
2025-09-13T19:31:48.539406-07:00,lmcache,lmstack-router,81386
2025-09-14T01:06:59.445881-07:00,lmcache,vllm-openai,63917
2025-09-14T01:06:59.588698-07:00,lmcache,lmstack-router,81463
2025-09-14T07:01:26.422637-07:00,lmcache,vllm-openai,63967
2025-09-14T07:01:26.701010-07:00,lmcache,lmstack-router,81542
2025-09-14T13:06:29.489585-07:00,lmcache,vllm-openai,63989
2025-09-14T13:06:29.556733-07:00,lmcache,lmstack-router,81615
2025-09-14T19:33:09.158101-07:00,lmcache,vllm-openai,64068
2025-09-14T19:33:09.212057-07:00,lmcache,lmstack-router,81705
2025-09-15T01:08:42.173699-07:00,lmcache,vllm-openai,64313
2025-09-15T01:08:42.232124-07:00,lmcache,lmstack-router,81804
2025-09-15T07:01:54.451518-07:00,lmcache,vllm-openai,64467
2025-09-15T07:01:54.724815-07:00,lmcache,lmstack-router,82162
2025-09-15T13:07:18.109414-07:00,lmcache,vllm-openai,64547
2025-09-15T13:07:18.367219-07:00,lmcache,lmstack-router,82320
2025-09-15T19:28:57.231881-07:00,lmcache,vllm-openai,64634
2025-09-15T19:28:57.494609-07:00,lmcache,lmstack-router,82428
2025-09-16T01:08:36.208505-07:00,lmcache,vllm-openai,64824
2025-09-16T01:08:36.277316-07:00,lmcache,lmstack-router,82558
2025-09-16T07:01:35.838808-07:00,lmcache,vllm-openai,64991
2025-09-16T07:01:36.089880-07:00,lmcache,lmstack-router,82752
2025-09-16T13:07:15.305470-07:00,lmcache,vllm-openai,65072
2025-09-16T13:07:15.426850-07:00,lmcache,lmstack-router,82889
2025-09-16T19:28:51.498163-07:00,lmcache,vllm-openai,65178
2025-09-16T19:28:51.563916-07:00,lmcache,lmstack-router,83009
2025-09-17T01:08:34.295911-07:00,lmcache,vllm-openai,65318
2025-09-17T01:08:34.426255-07:00,lmcache,lmstack-router,83112
2025-09-17T07:01:40.866981-07:00,lmcache,vllm-openai,65439
2025-09-17T07:01:41.149541-07:00,lmcache,lmstack-router,83301
2025-09-17T13:07:12.871226-07:00,lmcache,vllm-openai,65510
2025-09-17T13:07:12.929157-07:00,lmcache,lmstack-router,83373
2025-09-17T19:29:17.443171-07:00,lmcache,vllm-openai,65555
2025-09-17T19:29:17.702188-07:00,lmcache,lmstack-router,83423
2025-09-18T01:08:22.267333-07:00,lmcache,vllm-openai,65771
2025-09-18T01:08:22.421431-07:00,lmcache,lmstack-router,83532
2025-09-18T07:01:34.129808-07:00,lmcache,vllm-openai,65860
2025-09-18T07:01:34.351151-07:00,lmcache,lmstack-router,83646
2025-09-18T13:07:22.087060-07:00,lmcache,vllm-openai,65888
2025-09-18T13:07:22.145484-07:00,lmcache,lmstack-router,83762
2025-09-18T19:30:53.940931-07:00,lmcache,vllm-openai,65914
2025-09-18T19:30:54.068170-07:00,lmcache,lmstack-router,83842
2025-09-19T01:08:08.727148-07:00,lmcache,vllm-openai,66045
2025-09-19T01:08:08.933865-07:00,lmcache,lmstack-router,83949
2025-09-19T07:01:25.235403-07:00,lmcache,vllm-openai,66175
2025-09-19T07:01:25.495984-07:00,lmcache,lmstack-router,84127
2025-09-19T13:07:17.946397-07:00,lmcache,vllm-openai,66218
2025-09-19T13:07:18.083731-07:00,lmcache,lmstack-router,84254
2025-09-19T19:27:25.545519-07:00,lmcache,vllm-openai,66329
2025-09-19T19:27:25.755608-07:00,lmcache,lmstack-router,84275
2025-09-20T01:07:10.698472-07:00,lmcache,vllm-openai,66382
2025-09-20T01:07:10.922240-07:00,lmcache,lmstack-router,84344
2025-09-20T07:01:17.051530-07:00,lmcache,vllm-openai,66430
2025-09-20T07:01:17.127517-07:00,lmcache,lmstack-router,84410
2025-09-20T13:06:40.141037-07:00,lmcache,vllm-openai,66434
2025-09-20T13:06:40.270718-07:00,lmcache,lmstack-router,84480
2025-09-20T19:33:28.890824-07:00,lmcache,vllm-openai,66438
2025-09-20T19:33:29.054588-07:00,lmcache,lmstack-router,84562
2025-09-21T01:06:47.267094-07:00,lmcache,vllm-openai,66526
2025-09-21T01:06:47.696274-07:00,lmcache,lmstack-router,84626
2025-09-21T07:01:19.266850-07:00,lmcache,vllm-openai,66693
2025-09-21T07:01:19.520777-07:00,lmcache,lmstack-router,84666
2025-09-21T13:06:58.996404-07:00,lmcache,vllm-openai,66738
2025-09-21T13:06:59.113592-07:00,lmcache,lmstack-router,84754
2025-09-21T19:33:20.284480-07:00,lmcache,vllm-openai,66756
2025-09-21T19:33:20.549189-07:00,lmcache,lmstack-router,84873
2025-09-22T01:08:55.470578-07:00,lmcache,vllm-openai,66933
2025-09-22T01:08:55.597558-07:00,lmcache,lmstack-router,84920
2025-09-22T07:01:40.202292-07:00,lmcache,vllm-openai,67066
2025-09-22T07:01:40.420935-07:00,lmcache,lmstack-router,85058
2025-09-22T13:07:16.453869-07:00,lmcache,vllm-openai,67487
2025-09-22T13:07:16.582407-07:00,lmcache,lmstack-router,85163
2025-09-22T19:29:16.359051-07:00,lmcache,vllm-openai,67529
2025-09-22T19:29:16.493010-07:00,lmcache,lmstack-router,85192
2025-09-23T01:08:30.030861-07:00,lmcache,vllm-openai,67602
2025-09-23T01:08:30.149677-07:00,lmcache,lmstack-router,85396
2025-09-23T07:01:35.382234-07:00,lmcache,vllm-openai,67772
2025-09-23T07:01:35.450058-07:00,lmcache,lmstack-router,85536
2025-09-23T13:07:21.442879-07:00,lmcache,vllm-openai,67865
2025-09-23T13:07:21.500757-07:00,lmcache,lmstack-router,85630
2025-09-23T19:30:02.617515-07:00,lmcache,vllm-openai,67927
2025-09-23T19:30:02.880551-07:00,lmcache,lmstack-router,85720
2025-09-24T01:08:36.171116-07:00,lmcache,vllm-openai,67987
2025-09-24T01:08:36.240321-07:00,lmcache,lmstack-router,85870
2025-09-24T07:01:30.209963-07:00,lmcache,vllm-openai,68046
2025-09-24T07:01:30.278443-07:00,lmcache,lmstack-router,86014
2025-09-24T13:07:25.119928-07:00,lmcache,vllm-openai,68174
2025-09-24T13:07:25.328909-07:00,lmcache,lmstack-router,86217
2025-09-24T19:31:18.281231-07:00,lmcache,vllm-openai,68228
2025-09-24T19:31:18.560079-07:00,lmcache,lmstack-router,86292
2025-09-25T01:08:42.310157-07:00,lmcache,vllm-openai,68475
2025-09-25T01:08:42.561466-07:00,lmcache,lmstack-router,86401
2025-09-25T07:01:30.610212-07:00,lmcache,vllm-openai,68666
2025-09-25T07:01:30.849208-07:00,lmcache,lmstack-router,86524
2025-09-25T13:07:20.677672-07:00,lmcache,vllm-openai,68811
2025-09-25T13:07:20.906876-07:00,lmcache,lmstack-router,86643
2025-09-25T19:30:21.543540-07:00,lmcache,vllm-openai,68893
2025-09-25T19:30:21.791021-07:00,lmcache,lmstack-router,86734
2025-09-26T01:08:45.049090-07:00,lmcache,vllm-openai,69102
2025-09-26T01:08:45.124909-07:00,lmcache,lmstack-router,86807
2025-09-26T07:01:29.309125-07:00,lmcache,vllm-openai,69290
2025-09-26T07:01:29.377166-07:00,lmcache,lmstack-router,86905
2025-09-26T13:07:20.837868-07:00,lmcache,vllm-openai,69397
2025-09-26T13:07:21.032622-07:00,lmcache,lmstack-router,87016
2025-09-26T19:27:22.181506-07:00,lmcache,vllm-openai,69425
2025-09-26T19:27:22.430239-07:00,lmcache,lmstack-router,87156
2025-09-27T01:06:52.991954-07:00,lmcache,vllm-openai,69487
2025-09-27T01:06:53.232404-07:00,lmcache,lmstack-router,87234
2025-09-27T07:01:13.191378-07:00,lmcache,vllm-openai,69608
2025-09-27T07:01:13.296617-07:00,lmcache,lmstack-router,87251
2025-09-27T13:07:00.676190-07:00,lmcache,vllm-openai,69703
2025-09-27T13:07:00.802900-07:00,lmcache,lmstack-router,87343
2025-09-27T19:33:30.407276-07:00,lmcache,vllm-openai,69808
2025-09-27T19:33:30.625250-07:00,lmcache,lmstack-router,87419
2025-09-28T01:06:46.232556-07:00,lmcache,vllm-openai,69867
2025-09-28T01:06:46.343319-07:00,lmcache,lmstack-router,87506
2025-09-28T07:01:13.043486-07:00,lmcache,vllm-openai,70095
2025-09-28T07:01:13.099074-07:00,lmcache,lmstack-router,87525
2025-09-28T13:06:42.866532-07:00,lmcache,vllm-openai,70136
2025-09-28T13:06:42.974800-07:00,lmcache,lmstack-router,87575
2025-09-28T19:32:02.588155-07:00,lmcache,vllm-openai,70173
2025-09-28T19:32:02.654825-07:00,lmcache,lmstack-router,87655
2025-09-29T01:09:12.386485-07:00,lmcache,vllm-openai,70239
2025-09-29T01:09:12.643754-07:00,lmcache,lmstack-router,87790
2025-09-29T07:01:36.682930-07:00,lmcache,vllm-openai,70301
2025-09-29T07:01:36.816640-07:00,lmcache,lmstack-router,87883
2025-09-29T13:07:02.721862-07:00,lmcache,vllm-openai,70415
2025-09-29T13:07:02.792621-07:00,lmcache,lmstack-router,87946
2025-09-29T19:29:25.312885-07:00,lmcache,vllm-openai,70555
2025-09-29T19:29:25.380371-07:00,lmcache,lmstack-router,88064
2025-09-30T01:09:02.881201-07:00,lmcache,vllm-openai,70664
2025-09-30T01:09:02.995919-07:00,lmcache,lmstack-router,88078
2025-09-30T07:01:31.154970-07:00,lmcache,vllm-openai,70840
2025-09-30T07:01:31.266153-07:00,lmcache,lmstack-router,88249
2025-09-30T13:07:15.235077-07:00,lmcache,vllm-openai,70892
2025-09-30T13:07:15.342196-07:00,lmcache,lmstack-router,88369
2025-09-30T19:34:13.980533-07:00,lmcache,vllm-openai,70921
2025-09-30T19:34:14.087135-07:00,lmcache,lmstack-router,88443
2025-10-01T01:08:39.176463-07:00,lmcache,vllm-openai,70970
2025-10-01T01:08:39.244215-07:00,lmcache,lmstack-router,88526
2025-10-01T07:01:25.595536-07:00,lmcache,vllm-openai,71098
2025-10-01T07:01:25.813660-07:00,lmcache,lmstack-router,88747
2025-10-01T13:07:50.429939-07:00,lmcache,vllm-openai,71183
2025-10-01T13:07:50.535828-07:00,lmcache,lmstack-router,88892
2025-10-01T19:28:59.155992-07:00,lmcache,vllm-openai,71296
2025-10-01T19:28:59.395861-07:00,lmcache,lmstack-router,88985
2025-10-02T01:08:21.020759-07:00,lmcache,vllm-openai,71352
2025-10-02T01:08:21.129300-07:00,lmcache,lmstack-router,89051
2025-10-02T07:01:27.952189-07:00,lmcache,vllm-openai,71402
2025-10-02T07:01:28.058139-07:00,lmcache,lmstack-router,89141
2025-10-02T13:07:05.084163-07:00,lmcache,vllm-openai,71485
2025-10-02T13:07:05.213207-07:00,lmcache,lmstack-router,89359
2025-10-02T19:28:56.167130-07:00,lmcache,vllm-openai,71525
2025-10-02T19:28:56.232112-07:00,lmcache,lmstack-router,89410
2025-10-03T01:08:00.072291-07:00,lmcache,vllm-openai,71564
2025-10-03T01:08:00.204061-07:00,lmcache,lmstack-router,89490
2025-10-03T07:01:23.058327-07:00,lmcache,vllm-openai,71586
2025-10-03T07:01:23.347115-07:00,lmcache,lmstack-router,89555
2025-10-03T13:06:59.824651-07:00,lmcache,vllm-openai,71609
2025-10-03T13:06:59.932127-07:00,lmcache,lmstack-router,89688
2025-10-03T19:25:43.315468-07:00,lmcache,vllm-openai,71619
2025-10-03T19:25:43.507018-07:00,lmcache,lmstack-router,89802
2025-10-04T01:06:54.023504-07:00,lmcache,vllm-openai,71634
2025-10-04T01:06:54.196721-07:00,lmcache,lmstack-router,89875
2025-10-04T07:01:15.971967-07:00,lmcache,vllm-openai,71671
2025-10-04T07:01:16.035179-07:00,lmcache,lmstack-router,90066
2025-10-04T13:06:32.195284-07:00,lmcache,vllm-openai,71680
2025-10-04T13:06:32.303564-07:00,lmcache,lmstack-router,90180
2025-10-04T19:33:12.377882-07:00,lmcache,vllm-openai,71719
2025-10-04T19:33:12.488321-07:00,lmcache,lmstack-router,90334
2025-10-05T01:06:43.144155-07:00,lmcache,vllm-openai,71741
2025-10-05T01:06:43.252821-07:00,lmcache,lmstack-router,90404
2025-10-05T07:01:15.910601-07:00,lmcache,vllm-openai,71773
2025-10-05T07:01:16.163393-07:00,lmcache,lmstack-router,90496
2025-10-05T13:06:43.318502-07:00,lmcache,vllm-openai,71860
2025-10-05T13:06:43.385425-07:00,lmcache,lmstack-router,90612
2025-10-05T19:31:15.244844-07:00,lmcache,vllm-openai,71884
2025-10-05T19:31:15.355828-07:00,lmcache,lmstack-router,90731
2025-10-06T01:08:26.020116-07:00,lmcache,vllm-openai,71941
2025-10-06T01:08:26.131322-07:00,lmcache,lmstack-router,90806
2025-10-06T07:01:22.313059-07:00,lmcache,vllm-openai,72004
2025-10-06T07:01:22.403213-07:00,lmcache,lmstack-router,91001
2025-10-06T13:07:06.749884-07:00,lmcache,vllm-openai,72125
2025-10-06T13:07:06.877457-07:00,lmcache,lmstack-router,91060
2025-10-06T19:29:32.173910-07:00,lmcache,vllm-openai,72158
2025-10-06T19:29:32.235988-07:00,lmcache,lmstack-router,91213
2025-10-07T01:08:30.934693-07:00,lmcache,vllm-openai,72181
2025-10-07T01:08:31.064804-07:00,lmcache,lmstack-router,91348
2025-10-07T07:01:24.070525-07:00,lmcache,vllm-openai,72206
2025-10-07T07:01:24.254351-07:00,lmcache,lmstack-router,91605
2025-10-07T13:07:16.541951-07:00,lmcache,vllm-openai,72262
2025-10-07T13:07:16.647851-07:00,lmcache,lmstack-router,91853
2025-10-07T19:29:18.709015-07:00,lmcache,vllm-openai,72276
2025-10-07T19:29:18.836831-07:00,lmcache,lmstack-router,92107
2025-10-08T01:09:07.493236-07:00,lmcache,vllm-openai,72299
2025-10-08T01:09:07.682198-07:00,lmcache,lmstack-router,92353
2025-10-08T07:01:29.178035-07:00,lmcache,vllm-openai,72332
2025-10-08T07:01:29.295153-07:00,lmcache,lmstack-router,92628
2025-10-08T13:07:21.367272-07:00,lmcache,vllm-openai,72372
2025-10-08T13:07:21.509700-07:00,lmcache,lmstack-router,92919
2025-10-08T19:30:29.495648-07:00,lmcache,vllm-openai,72439
2025-10-08T19:30:29.700178-07:00,lmcache,lmstack-router,93142
2025-10-09T01:08:22.291424-07:00,lmcache,vllm-openai,72658
2025-10-09T01:08:22.358215-07:00,lmcache,lmstack-router,93391
2025-10-09T07:01:25.773457-07:00,lmcache,vllm-openai,72697
2025-10-09T07:01:25.830511-07:00,lmcache,lmstack-router,93551
2025-10-09T13:07:25.031362-07:00,lmcache,vllm-openai,72722
2025-10-09T13:07:25.217249-07:00,lmcache,lmstack-router,93788
2025-10-09T19:30:47.816509-07:00,lmcache,vllm-openai,72745
2025-10-09T19:30:47.922980-07:00,lmcache,lmstack-router,93975
2025-10-10T01:08:50.801521-07:00,lmcache,vllm-openai,72854
2025-10-10T01:08:51.036281-07:00,lmcache,lmstack-router,94138
2025-10-10T07:01:21.296433-07:00,lmcache,vllm-openai,72925
2025-10-10T07:01:21.433082-07:00,lmcache,lmstack-router,94360
2025-10-10T13:06:54.618417-07:00,lmcache,vllm-openai,72997
2025-10-10T13:06:54.753812-07:00,lmcache,lmstack-router,94549
2025-10-10T19:27:19.937902-07:00,lmcache,vllm-openai,73033
2025-10-10T19:27:20.176496-07:00,lmcache,lmstack-router,94769
2025-10-11T01:06:56.386296-07:00,lmcache,vllm-openai,73063
2025-10-11T01:06:56.463043-07:00,lmcache,lmstack-router,94893
2025-10-11T07:01:08.774152-07:00,lmcache,vllm-openai,73097
2025-10-11T07:01:09.018335-07:00,lmcache,lmstack-router,95004
2025-10-11T13:06:30.283603-07:00,lmcache,vllm-openai,73105
2025-10-11T13:06:30.546426-07:00,lmcache,lmstack-router,95123
2025-10-11T19:31:43.976797-07:00,lmcache,vllm-openai,73112
2025-10-11T19:31:44.042079-07:00,lmcache,lmstack-router,95236
2025-10-12T01:07:06.647849-07:00,lmcache,vllm-openai,73180
2025-10-12T01:07:06.754473-07:00,lmcache,lmstack-router,95361
2025-10-12T07:01:26.916520-07:00,lmcache,vllm-openai,73226
2025-10-12T07:01:27.195332-07:00,lmcache,lmstack-router,95561
2025-10-12T13:06:57.915494-07:00,lmcache,vllm-openai,73229
2025-10-12T13:06:58.105919-07:00,lmcache,lmstack-router,95734
2025-10-12T19:33:57.597206-07:00,lmcache,vllm-openai,73236
2025-10-12T19:33:57.842963-07:00,lmcache,lmstack-router,95929
2025-10-13T01:09:02.311685-07:00,lmcache,vllm-openai,73331
2025-10-13T01:09:02.419692-07:00,lmcache,lmstack-router,96071
2025-10-13T07:01:27.951233-07:00,lmcache,vllm-openai,73392
2025-10-13T07:01:28.062216-07:00,lmcache,lmstack-router,96288
2025-10-13T13:07:35.310388-07:00,lmcache,vllm-openai,73410
2025-10-13T13:07:35.464386-07:00,lmcache,lmstack-router,96457
2025-10-13T19:30:37.548691-07:00,lmcache,vllm-openai,73443
2025-10-13T19:30:37.765678-07:00,lmcache,lmstack-router,96552
2025-10-14T01:08:11.972088-07:00,lmcache,vllm-openai,73506
2025-10-14T01:08:12.170651-07:00,lmcache,lmstack-router,96725
2025-10-14T07:01:37.855840-07:00,lmcache,vllm-openai,73659
2025-10-14T07:01:37.965162-07:00,lmcache,lmstack-router,96942
2025-10-14T13:07:20.241581-07:00,lmcache,vllm-openai,73759
2025-10-14T13:07:20.358561-07:00,lmcache,lmstack-router,97207
2025-10-14T19:32:07.013944-07:00,lmcache,vllm-openai,73790
2025-10-14T19:32:07.150161-07:00,lmcache,lmstack-router,97413
2025-10-15T01:08:48.888064-07:00,lmcache,vllm-openai,73995
2025-10-15T01:08:49.140270-07:00,lmcache,lmstack-router,97606
2025-10-15T07:01:28.590233-07:00,lmcache,vllm-openai,74113
2025-10-15T07:01:28.787023-07:00,lmcache,lmstack-router,97806
2025-10-15T13:07:35.967345-07:00,lmcache,vllm-openai,74189
2025-10-15T13:07:36.222568-07:00,lmcache,lmstack-router,97988
2025-10-15T19:31:53.483342-07:00,lmcache,vllm-openai,74351
2025-10-15T19:31:53.544672-07:00,lmcache,lmstack-router,98131
2025-10-16T01:08:42.434027-07:00,lmcache,vllm-openai,74480
2025-10-16T01:08:42.488959-07:00,lmcache,lmstack-router,98292
2025-10-16T07:01:31.585215-07:00,lmcache,vllm-openai,74552
2025-10-16T07:01:31.696456-07:00,lmcache,lmstack-router,98459
2025-10-16T13:07:29.009774-07:00,lmcache,vllm-openai,74584
2025-10-16T13:07:29.265023-07:00,lmcache,lmstack-router,98657
2025-10-16T19:31:25.908777-07:00,lmcache,vllm-openai,74607
2025-10-16T19:31:26.178940-07:00,lmcache,lmstack-router,98803
2025-10-17T01:09:09.196127-07:00,lmcache,vllm-openai,74665
2025-10-17T01:09:09.440445-07:00,lmcache,lmstack-router,98916
2025-10-17T07:01:26.621853-07:00,lmcache,vllm-openai,74745
2025-10-17T07:01:26.860811-07:00,lmcache,lmstack-router,99049
2025-10-17T13:07:42.494874-07:00,lmcache,vllm-openai,75023
2025-10-17T13:07:42.600381-07:00,lmcache,lmstack-router,99160
2025-10-17T19:27:55.898481-07:00,lmcache,vllm-openai,75374
2025-10-17T19:27:56.141848-07:00,lmcache,lmstack-router,99279
2025-10-18T01:07:07.469277-07:00,lmcache,vllm-openai,75838
2025-10-18T01:07:07.541204-07:00,lmcache,lmstack-router,99357
2025-10-18T07:01:22.545345-07:00,lmcache,vllm-openai,76297
2025-10-18T07:01:22.601572-07:00,lmcache,lmstack-router,99528
2025-10-18T13:06:41.598105-07:00,lmcache,vllm-openai,76868
2025-10-18T13:06:41.828809-07:00,lmcache,lmstack-router,99639
2025-10-18T19:35:21.887626-07:00,lmcache,vllm-openai,77475
2025-10-18T19:35:21.995543-07:00,lmcache,lmstack-router,99764
2025-10-19T01:07:06.639645-07:00,lmcache,vllm-openai,78017
2025-10-19T01:07:06.696367-07:00,lmcache,lmstack-router,99849
2025-10-19T07:01:16.084195-07:00,lmcache,vllm-openai,78575
2025-10-19T07:01:16.147092-07:00,lmcache,lmstack-router,99943
2025-10-19T13:06:53.127631-07:00,lmcache,vllm-openai,79208
2025-10-19T13:06:53.374647-07:00,lmcache,lmstack-router,100061
2025-10-19T19:35:27.779434-07:00,lmcache,vllm-openai,79694
2025-10-19T19:35:27.833109-07:00,lmcache,lmstack-router,100168
2025-10-20T07:01:35.563136-07:00,lmcache,vllm-openai,79730
2025-10-20T07:01:35.754343-07:00,lmcache,lmstack-router,100317
2025-10-20T13:07:35.615475-07:00,lmcache,vllm-openai,79760
2025-10-20T13:07:35.746442-07:00,lmcache,lmstack-router,100370
2025-10-20T19:32:46.563964-07:00,lmcache,vllm-openai,79840
2025-10-20T19:32:46.626608-07:00,lmcache,lmstack-router,100464
2025-10-21T01:09:02.186782-07:00,lmcache,vllm-openai,79906
2025-10-21T01:09:02.289052-07:00,lmcache,lmstack-router,100697
2025-10-21T07:01:44.838455-07:00,lmcache,vllm-openai,79984
2025-10-21T07:01:45.059850-07:00,lmcache,lmstack-router,100952
2025-10-21T13:07:36.701456-07:00,lmcache,vllm-openai,80082
2025-10-21T13:07:36.764031-07:00,lmcache,lmstack-router,101161
2025-10-21T19:33:54.105884-07:00,lmcache,vllm-openai,80127
2025-10-21T19:33:54.208731-07:00,lmcache,lmstack-router,101403
2025-10-22T01:09:32.982068-07:00,lmcache,vllm-openai,80188
2025-10-22T01:09:33.106683-07:00,lmcache,lmstack-router,101611
2025-10-22T07:01:37.038767-07:00,lmcache,vllm-openai,80250
2025-10-22T07:01:37.301644-07:00,lmcache,lmstack-router,101753
2025-10-22T13:07:51.159064-07:00,lmcache,vllm-openai,80300
2025-10-22T13:07:51.213214-07:00,lmcache,lmstack-router,101872
2025-10-22T19:32:01.329345-07:00,lmcache,vllm-openai,80385
2025-10-22T19:32:01.381526-07:00,lmcache,lmstack-router,102009
2025-10-23T01:08:46.471274-07:00,lmcache,vllm-openai,80472
2025-10-23T01:08:46.532525-07:00,lmcache,lmstack-router,102185
2025-10-23T07:01:32.603279-07:00,lmcache,vllm-openai,80589
2025-10-23T07:01:32.663640-07:00,lmcache,lmstack-router,102404
2025-10-23T13:07:08.435943-07:00,lmcache,vllm-openai,80744
2025-10-23T13:07:08.658803-07:00,lmcache,lmstack-router,102613
2025-10-23T19:30:36.959034-07:00,lmcache,vllm-openai,80850
2025-10-23T19:30:37.220324-07:00,lmcache,lmstack-router,102830
2025-10-24T01:09:19.912175-07:00,lmcache,vllm-openai,80889
2025-10-24T01:09:20.184883-07:00,lmcache,lmstack-router,102942
2025-10-24T07:01:29.814362-07:00,lmcache,vllm-openai,80932
2025-10-24T07:01:29.871302-07:00,lmcache,lmstack-router,103104
2025-10-24T13:07:23.821587-07:00,lmcache,vllm-openai,80956
2025-10-24T13:07:23.885327-07:00,lmcache,lmstack-router,103228
2025-10-24T19:31:18.910415-07:00,lmcache,vllm-openai,80993
2025-10-24T19:31:19.154058-07:00,lmcache,lmstack-router,103339
2025-10-25T01:06:57.063957-07:00,lmcache,vllm-openai,81026
2025-10-25T01:06:57.169263-07:00,lmcache,lmstack-router,103448
2025-10-25T07:01:19.057091-07:00,lmcache,vllm-openai,81088
2025-10-25T07:01:19.317264-07:00,lmcache,lmstack-router,103564
2025-10-25T13:07:08.224146-07:00,lmcache,vllm-openai,81129
2025-10-25T13:07:08.284858-07:00,lmcache,lmstack-router,103684
2025-10-25T19:33:45.266146-07:00,lmcache,vllm-openai,81153
2025-10-25T19:33:45.320898-07:00,lmcache,lmstack-router,103791
2025-10-26T01:07:23.355142-07:00,lmcache,vllm-openai,81176
2025-10-26T01:07:23.463238-07:00,lmcache,lmstack-router,103877
2025-10-26T07:01:17.898989-07:00,lmcache,vllm-openai,81341
2025-10-26T07:01:17.960830-07:00,lmcache,lmstack-router,104006
2025-10-26T13:07:10.370557-07:00,lmcache,vllm-openai,81378
2025-10-26T13:07:10.623455-07:00,lmcache,lmstack-router,104152
2025-10-26T19:36:15.568529-07:00,lmcache,vllm-openai,81419
2025-10-26T19:36:15.811448-07:00,lmcache,lmstack-router,104293
2025-10-27T01:08:53.941642-07:00,lmcache,vllm-openai,81457
2025-10-27T01:08:54.057630-07:00,lmcache,lmstack-router,104385
2025-10-27T07:01:34.847093-07:00,lmcache,vllm-openai,81487
2025-10-27T07:01:35.101776-07:00,lmcache,lmstack-router,104559
2025-10-27T13:06:02.511043-07:00,lmcache,vllm-openai,81538
2025-10-27T13:06:02.782217-07:00,lmcache,lmstack-router,104763
2025-10-27T19:32:44.582812-07:00,lmcache,vllm-openai,81730
2025-10-27T19:32:44.847629-07:00,lmcache,lmstack-router,105068
2025-10-28T01:08:44.553780-07:00,lmcache,vllm-openai,81845
2025-10-28T01:08:44.823004-07:00,lmcache,lmstack-router,105263
2025-10-28T07:01:28.315243-07:00,lmcache,vllm-openai,81956
2025-10-28T07:01:28.438061-07:00,lmcache,lmstack-router,105535
2025-10-28T13:07:45.075769-07:00,lmcache,vllm-openai,81980
2025-10-28T13:07:45.326637-07:00,lmcache,lmstack-router,105802
2025-10-28T19:35:17.849550-07:00,lmcache,vllm-openai,82028
2025-10-28T19:35:18.091703-07:00,lmcache,lmstack-router,106045
2025-10-29T01:08:47.088748-07:00,lmcache,vllm-openai,82101
2025-10-29T01:08:47.406309-07:00,lmcache,lmstack-router,106274
2025-10-29T07:01:30.796455-07:00,lmcache,vllm-openai,82234
2025-10-29T07:01:30.904985-07:00,lmcache,lmstack-router,106410
2025-10-29T13:07:29.873981-07:00,lmcache,vllm-openai,82269
2025-10-29T13:07:29.988534-07:00,lmcache,lmstack-router,106549
2025-10-29T19:34:07.846073-07:00,lmcache,vllm-openai,82374
2025-10-29T19:34:08.037350-07:00,lmcache,lmstack-router,106671
2025-10-30T01:08:24.185986-07:00,lmcache,vllm-openai,82446
2025-10-30T01:08:24.449312-07:00,lmcache,lmstack-router,106812
2025-10-30T07:01:25.147935-07:00,lmcache,vllm-openai,82520
2025-10-30T07:01:25.408859-07:00,lmcache,lmstack-router,107036
2025-10-30T13:07:34.383253-07:00,lmcache,vllm-openai,82571
2025-10-30T13:07:34.485192-07:00,lmcache,lmstack-router,107186
2025-10-30T19:33:37.595079-07:00,lmcache,vllm-openai,82675
2025-10-30T19:33:37.658608-07:00,lmcache,lmstack-router,107324
2025-10-31T01:08:17.905640-07:00,lmcache,vllm-openai,82865
2025-10-31T01:08:17.974249-07:00,lmcache,lmstack-router,107542
2025-10-31T07:01:32.527836-07:00,lmcache,vllm-openai,82954
2025-10-31T07:01:32.814234-07:00,lmcache,lmstack-router,107753
2025-10-31T13:07:42.844919-07:00,lmcache,vllm-openai,83149
2025-10-31T13:07:43.037608-07:00,lmcache,lmstack-router,107929
2025-10-31T19:33:53.383123-07:00,lmcache,vllm-openai,83186
2025-10-31T19:33:53.436675-07:00,lmcache,lmstack-router,108106
2025-11-01T01:07:38.862053-07:00,lmcache,vllm-openai,83214
2025-11-01T01:07:39.066870-07:00,lmcache,lmstack-router,108238
2025-11-01T07:01:13.762098-07:00,lmcache,vllm-openai,83244
2025-11-01T07:01:14.021267-07:00,lmcache,lmstack-router,108341
2025-11-01T13:06:30.822196-07:00,lmcache,vllm-openai,83302
2025-11-01T13:06:30.926132-07:00,lmcache,lmstack-router,108520
2025-11-01T19:35:32.583132-07:00,lmcache,vllm-openai,83357
2025-11-01T19:35:32.802671-07:00,lmcache,lmstack-router,108669
2025-11-02T01:07:14.143399-07:00,lmcache,vllm-openai,83386
2025-11-02T01:07:14.209155-07:00,lmcache,lmstack-router,108825
2025-11-02T06:01:11.372859-08:00,lmcache,vllm-openai,83420
2025-11-02T06:01:11.443059-08:00,lmcache,lmstack-router,108997
2025-11-02T12:06:39.075459-08:00,lmcache,vllm-openai,83465
2025-11-02T12:06:39.180429-08:00,lmcache,lmstack-router,109186
2025-11-02T18:35:48.981175-08:00,lmcache,vllm-openai,83559
2025-11-02T18:35:49.092986-08:00,lmcache,lmstack-router,109360
2025-11-03T00:09:11.900023-08:00,lmcache,vllm-openai,83627
2025-11-03T00:09:11.959687-08:00,lmcache,lmstack-router,109460
2025-11-03T06:01:29.143103-08:00,lmcache,vllm-openai,83933
2025-11-03T06:01:29.199821-08:00,lmcache,lmstack-router,109613
2025-11-03T12:07:41.459813-08:00,lmcache,vllm-openai,84007
2025-11-03T12:07:41.578335-08:00,lmcache,lmstack-router,109769
2025-11-03T18:37:00.693464-08:00,lmcache,vllm-openai,84070
2025-11-03T18:37:00.750592-08:00,lmcache,lmstack-router,109911
2025-11-04T00:08:51.073727-08:00,lmcache,vllm-openai,84136
2025-11-04T00:08:51.346907-08:00,lmcache,lmstack-router,110060
2025-11-04T06:01:26.236562-08:00,lmcache,vllm-openai,84202
2025-11-04T06:01:26.294787-08:00,lmcache,lmstack-router,110194
2025-11-04T12:08:07.494515-08:00,lmcache,vllm-openai,84274
2025-11-04T12:08:07.750143-08:00,lmcache,lmstack-router,110337
2025-11-04T18:34:24.230031-08:00,lmcache,vllm-openai,84385
2025-11-04T18:34:24.410529-08:00,lmcache,lmstack-router,110448
2025-11-05T00:08:39.019542-08:00,lmcache,vllm-openai,84421
2025-11-05T00:08:39.228376-08:00,lmcache,lmstack-router,110558
2025-11-05T06:01:34.321148-08:00,lmcache,vllm-openai,84466
2025-11-05T06:01:34.378668-08:00,lmcache,lmstack-router,110675
2025-11-05T12:07:32.262426-08:00,lmcache,vllm-openai,84484
2025-11-05T12:07:32.419713-08:00,lmcache,lmstack-router,110854
2025-11-05T18:34:42.848854-08:00,lmcache,vllm-openai,84579
2025-11-05T18:34:42.918056-08:00,lmcache,lmstack-router,110973
2025-11-06T00:08:23.128368-08:00,lmcache,vllm-openai,84650
2025-11-06T00:08:23.190608-08:00,lmcache,lmstack-router,111103
2025-11-06T06:01:37.083729-08:00,lmcache,vllm-openai,84715
2025-11-06T06:01:37.337772-08:00,lmcache,lmstack-router,111238
2025-11-06T12:07:13.256124-08:00,lmcache,vllm-openai,84746
2025-11-06T12:07:13.450708-08:00,lmcache,lmstack-router,111363
2025-11-06T18:34:05.058246-08:00,lmcache,vllm-openai,84820
2025-11-06T18:34:05.163760-08:00,lmcache,lmstack-router,111472
2025-11-07T00:08:31.554784-08:00,lmcache,vllm-openai,84912
2025-11-07T00:08:31.636881-08:00,lmcache,lmstack-router,111641
2025-11-07T06:01:17.003333-08:00,lmcache,vllm-openai,84939
2025-11-07T06:01:17.233319-08:00,lmcache,lmstack-router,111789
2025-11-07T12:07:32.464420-08:00,lmcache,vllm-openai,84970
2025-11-07T12:07:32.716207-08:00,lmcache,lmstack-router,111938
2025-11-07T18:30:52.774756-08:00,lmcache,vllm-openai,84994
2025-11-07T18:30:52.887188-08:00,lmcache,lmstack-router,112032
2025-11-08T00:07:39.366294-08:00,lmcache,vllm-openai,85009
2025-11-08T00:07:39.434018-08:00,lmcache,lmstack-router,112138
2025-11-08T06:01:12.470827-08:00,lmcache,vllm-openai,85028
2025-11-08T06:01:12.738264-08:00,lmcache,lmstack-router,112284
2025-11-08T12:06:36.029023-08:00,lmcache,vllm-openai,85039
2025-11-08T12:06:36.276704-08:00,lmcache,lmstack-router,112494
2025-11-08T18:34:45.649934-08:00,lmcache,vllm-openai,85059
2025-11-08T18:34:45.718391-08:00,lmcache,lmstack-router,112690
2025-11-09T00:07:18.808434-08:00,lmcache,vllm-openai,85078
2025-11-09T00:07:18.870721-08:00,lmcache,lmstack-router,112882
2025-11-09T06:01:13.046519-08:00,lmcache,vllm-openai,85098
2025-11-09T06:01:13.308542-08:00,lmcache,lmstack-router,113082
2025-11-09T12:06:42.283519-08:00,lmcache,vllm-openai,85110
2025-11-09T12:06:42.480617-08:00,lmcache,lmstack-router,113240
2025-11-09T18:35:51.143064-08:00,lmcache,vllm-openai,85120
2025-11-09T18:35:51.296253-08:00,lmcache,lmstack-router,113406
2025-11-10T00:09:26.143198-08:00,lmcache,vllm-openai,85165
2025-11-10T00:09:26.410321-08:00,lmcache,lmstack-router,113588
2025-11-10T06:01:22.390466-08:00,lmcache,vllm-openai,85299
2025-11-10T06:01:22.507166-08:00,lmcache,lmstack-router,113841
2025-11-10T12:08:07.315584-08:00,lmcache,vllm-openai,85398
2025-11-10T12:08:07.563420-08:00,lmcache,lmstack-router,114014
2025-11-10T18:34:37.663455-08:00,lmcache,vllm-openai,85488
2025-11-10T18:34:37.728960-08:00,lmcache,lmstack-router,114191
2025-11-11T00:08:21.984349-08:00,lmcache,vllm-openai,85596
2025-11-11T00:08:22.091913-08:00,lmcache,lmstack-router,114366
2025-11-11T06:01:21.905045-08:00,lmcache,vllm-openai,85664
2025-11-11T06:01:21.978725-08:00,lmcache,lmstack-router,114520
2025-11-11T12:07:15.130657-08:00,lmcache,vllm-openai,85742
2025-11-11T12:07:15.251004-08:00,lmcache,lmstack-router,114698
2025-11-11T18:34:17.770129-08:00,lmcache,vllm-openai,85864
2025-11-11T18:34:17.822467-08:00,lmcache,lmstack-router,114908
2025-11-12T00:08:43.186918-08:00,lmcache,vllm-openai,85994
2025-11-12T00:08:43.254730-08:00,lmcache,lmstack-router,115191
2025-11-12T06:01:25.886458-08:00,lmcache,vllm-openai,86116
2025-11-12T06:01:26.140156-08:00,lmcache,lmstack-router,115504
2025-11-12T12:07:28.640845-08:00,lmcache,vllm-openai,86168
2025-11-12T12:07:28.917446-08:00,lmcache,lmstack-router,115738
2025-11-12T18:34:59.702142-08:00,lmcache,vllm-openai,86291
2025-11-12T18:34:59.805460-08:00,lmcache,lmstack-router,115939
2025-11-13T00:08:19.971544-08:00,lmcache,vllm-openai,86385
2025-11-13T00:08:20.067619-08:00,lmcache,lmstack-router,116108
2025-11-13T06:01:17.190460-08:00,lmcache,vllm-openai,86477
2025-11-13T06:01:17.355159-08:00,lmcache,lmstack-router,116294
2025-11-13T12:07:35.331018-08:00,lmcache,vllm-openai,86548
2025-11-13T12:07:35.483996-08:00,lmcache,lmstack-router,116475
2025-11-13T18:34:19.044060-08:00,lmcache,vllm-openai,86598
2025-11-13T18:34:19.129237-08:00,lmcache,lmstack-router,116617
2025-11-14T00:08:38.137121-08:00,lmcache,vllm-openai,86659
2025-11-14T00:08:38.299395-08:00,lmcache,lmstack-router,116818
2025-11-14T06:01:18.718815-08:00,lmcache,vllm-openai,86692
2025-11-14T06:01:18.855172-08:00,lmcache,lmstack-router,116990
2025-11-14T12:08:00.149888-08:00,lmcache,vllm-openai,86722
2025-11-14T12:08:00.300715-08:00,lmcache,lmstack-router,117147
2025-11-14T18:32:22.357723-08:00,lmcache,vllm-openai,86792
2025-11-14T18:32:22.518137-08:00,lmcache,lmstack-router,117358
2025-11-15T00:07:35.590629-08:00,lmcache,vllm-openai,86852
2025-11-15T00:07:35.727764-08:00,lmcache,lmstack-router,117520
2025-11-15T06:01:14.932579-08:00,lmcache,vllm-openai,86901
2025-11-15T06:01:15.090528-08:00,lmcache,lmstack-router,117728
2025-11-15T12:06:42.426620-08:00,lmcache,vllm-openai,86993
2025-11-15T12:06:42.532232-08:00,lmcache,lmstack-router,117924
2025-11-15T18:35:48.631785-08:00,lmcache,vllm-openai,87053
2025-11-15T18:35:48.726117-08:00,lmcache,lmstack-router,118106
2025-11-16T00:07:40.837998-08:00,lmcache,vllm-openai,87094
2025-11-16T00:07:40.910269-08:00,lmcache,lmstack-router,118312
2025-11-16T06:01:08.047553-08:00,lmcache,vllm-openai,87121
2025-11-16T06:01:08.194479-08:00,lmcache,lmstack-router,118444
2025-11-16T12:07:04.516884-08:00,lmcache,vllm-openai,87157
2025-11-16T12:07:04.592229-08:00,lmcache,lmstack-router,118602
2025-11-16T18:35:19.200996-08:00,lmcache,vllm-openai,87170
2025-11-16T18:35:19.263706-08:00,lmcache,lmstack-router,118733
2025-11-17T00:09:43.145502-08:00,lmcache,vllm-openai,87261
2025-11-17T00:09:43.215409-08:00,lmcache,lmstack-router,118998
2025-11-17T06:01:11.035188-08:00,lmcache,vllm-openai,87335
2025-11-17T06:01:11.196728-08:00,lmcache,lmstack-router,119342
2025-11-17T12:08:18.510001-08:00,lmcache,vllm-openai,87366
2025-11-17T12:08:18.674783-08:00,lmcache,lmstack-router,119610
2025-11-17T18:34:15.493756-08:00,lmcache,vllm-openai,87388
2025-11-17T18:34:15.636306-08:00,lmcache,lmstack-router,119855
2025-11-18T00:08:38.954683-08:00,lmcache,vllm-openai,87447
2025-11-18T00:08:39.051415-08:00,lmcache,lmstack-router,120183
2025-11-18T06:01:19.164320-08:00,lmcache,vllm-openai,87553
2025-11-18T06:01:19.244471-08:00,lmcache,lmstack-router,120755
2025-11-18T12:07:56.369892-08:00,lmcache,vllm-openai,87635
2025-11-18T12:07:56.539961-08:00,lmcache,lmstack-router,121315
2025-11-18T18:34:10.847698-08:00,lmcache,vllm-openai,87701
2025-11-18T18:34:10.995788-08:00,lmcache,lmstack-router,121791
2025-11-19T00:08:22.957739-08:00,lmcache,vllm-openai,87758
2025-11-19T00:08:23.089191-08:00,lmcache,lmstack-router,122210
2025-11-19T06:01:16.602719-08:00,lmcache,vllm-openai,87798
2025-11-19T06:01:16.708558-08:00,lmcache,lmstack-router,122680
2025-11-19T12:07:21.657006-08:00,lmcache,vllm-openai,87819
2025-11-19T12:07:21.775019-08:00,lmcache,lmstack-router,123229
2025-11-19T18:34:04.630508-08:00,lmcache,vllm-openai,87896
2025-11-19T18:34:04.778888-08:00,lmcache,lmstack-router,123823
2025-11-20T00:08:41.019227-08:00,lmcache,vllm-openai,87931
2025-11-20T00:08:41.179283-08:00,lmcache,lmstack-router,124357
2025-11-20T06:01:11.589641-08:00,lmcache,vllm-openai,87982
2025-11-20T06:01:11.676190-08:00,lmcache,lmstack-router,124774
2025-11-20T12:07:46.630788-08:00,lmcache,vllm-openai,88028
2025-11-20T12:07:46.745211-08:00,lmcache,lmstack-router,125114
2025-11-20T18:33:36.775305-08:00,lmcache,vllm-openai,88116
2025-11-20T18:33:36.899836-08:00,lmcache,lmstack-router,125419
2025-11-21T00:08:59.751143-08:00,lmcache,vllm-openai,88221
2025-11-21T00:08:59.897891-08:00,lmcache,lmstack-router,125678
2025-11-21T06:01:25.566936-08:00,lmcache,vllm-openai,88309
2025-11-21T06:01:25.646796-08:00,lmcache,lmstack-router,125907
2025-11-21T12:07:54.696233-08:00,lmcache,vllm-openai,88349
2025-11-21T12:07:54.861747-08:00,lmcache,lmstack-router,126321
2025-11-21T18:31:37.503603-08:00,lmcache,vllm-openai,88424
2025-11-21T18:31:37.622451-08:00,lmcache,lmstack-router,126734
2025-11-22T00:07:40.754338-08:00,lmcache,vllm-openai,88487
2025-11-22T00:07:40.836512-08:00,lmcache,lmstack-router,127223
2025-11-22T06:01:14.107116-08:00,lmcache,vllm-openai,88525
2025-11-22T06:01:14.263434-08:00,lmcache,lmstack-router,127702
2025-11-22T12:07:00.878172-08:00,lmcache,vllm-openai,88537
2025-11-22T12:07:01.051171-08:00,lmcache,lmstack-router,128273
2025-11-22T18:41:41.544810-08:00,lmcache,vllm-openai,88556
2025-11-22T18:41:41.703524-08:00,lmcache,lmstack-router,128708
2025-11-23T00:07:46.917688-08:00,lmcache,vllm-openai,88608
2025-11-23T00:07:47.065239-08:00,lmcache,lmstack-router,128947
2025-11-23T06:01:10.070041-08:00,lmcache,vllm-openai,88649
2025-11-23T06:01:10.164317-08:00,lmcache,lmstack-router,129270
2025-11-23T12:07:26.485992-08:00,lmcache,vllm-openai,88663
2025-11-23T12:07:26.629191-08:00,lmcache,lmstack-router,129698
2025-11-23T18:38:09.971362-08:00,lmcache,vllm-openai,88678
2025-11-23T18:38:10.135737-08:00,lmcache,lmstack-router,130182
2025-11-24T00:09:16.289673-08:00,lmcache,vllm-openai,88750
2025-11-24T00:09:16.376845-08:00,lmcache,lmstack-router,130649
2025-11-24T06:01:24.631629-08:00,lmcache,vllm-openai,88918
2025-11-24T06:01:24.787086-08:00,lmcache,lmstack-router,131254
2025-11-24T12:08:06.783779-08:00,lmcache,vllm-openai,88945
2025-11-24T12:08:06.942449-08:00,lmcache,lmstack-router,131694
2025-11-24T18:34:48.152929-08:00,lmcache,vllm-openai,88980
2025-11-24T18:34:48.308457-08:00,lmcache,lmstack-router,132215
2025-11-25T00:09:08.703262-08:00,lmcache,vllm-openai,89062
2025-11-25T00:09:08.855781-08:00,lmcache,lmstack-router,132700
2025-11-25T06:01:32.713640-08:00,lmcache,vllm-openai,89100
2025-11-25T06:01:32.792172-08:00,lmcache,lmstack-router,133150
2025-11-25T12:07:37.265147-08:00,lmcache,vllm-openai,89133
2025-11-25T12:07:37.411576-08:00,lmcache,lmstack-router,133531
2025-11-25T18:35:32.520748-08:00,lmcache,vllm-openai,89183
2025-11-25T18:35:32.660506-08:00,lmcache,lmstack-router,133762
2025-11-26T00:08:37.256214-08:00,lmcache,vllm-openai,89220
2025-11-26T00:08:37.325085-08:00,lmcache,lmstack-router,133907
2025-11-26T06:01:15.811364-08:00,lmcache,vllm-openai,89261
2025-11-26T06:01:15.957294-08:00,lmcache,lmstack-router,134207
2025-11-26T12:07:17.772517-08:00,lmcache,vllm-openai,89321
2025-11-26T12:07:17.934343-08:00,lmcache,lmstack-router,134435
2025-11-26T18:34:27.227032-08:00,lmcache,vllm-openai,89363
2025-11-26T18:34:27.296206-08:00,lmcache,lmstack-router,134668
2025-11-27T00:08:53.657927-08:00,lmcache,vllm-openai,89407
2025-11-27T00:08:53.797248-08:00,lmcache,lmstack-router,134877
2025-11-27T06:01:16.519889-08:00,lmcache,vllm-openai,89475
2025-11-27T06:01:16.619150-08:00,lmcache,lmstack-router,135168
2025-11-27T12:06:53.292697-08:00,lmcache,vllm-openai,89502
2025-11-27T12:06:53.418435-08:00,lmcache,lmstack-router,135573
2025-11-27T18:33:44.375033-08:00,lmcache,vllm-openai,89526
2025-11-27T18:33:44.454621-08:00,lmcache,lmstack-router,135904
2025-11-28T00:08:56.791716-08:00,lmcache,vllm-openai,89645
2025-11-28T00:08:56.926178-08:00,lmcache,lmstack-router,136313
2025-11-28T06:01:10.618229-08:00,lmcache,vllm-openai,89837
2025-11-28T06:01:10.763805-08:00,lmcache,lmstack-router,136788
2025-11-28T12:07:25.253936-08:00,lmcache,vllm-openai,89914
2025-11-28T12:07:25.395177-08:00,lmcache,lmstack-router,137439
2025-11-28T18:33:37.679152-08:00,lmcache,vllm-openai,89983
2025-11-28T18:33:37.843318-08:00,lmcache,lmstack-router,138010
2025-11-29T00:07:52.929594-08:00,lmcache,vllm-openai,90049
2025-11-29T00:07:53.082738-08:00,lmcache,lmstack-router,138532
2025-11-29T06:01:17.201405-08:00,lmcache,vllm-openai,90104
2025-11-29T06:01:17.296118-08:00,lmcache,lmstack-router,139249
2025-11-29T12:07:06.223448-08:00,lmcache,vllm-openai,90135
2025-11-29T12:07:06.371908-08:00,lmcache,lmstack-router,139967
2025-11-29T18:40:45.567032-08:00,lmcache,vllm-openai,90196
2025-11-29T18:40:45.634377-08:00,lmcache,lmstack-router,140725
2025-11-30T00:07:32.844742-08:00,lmcache,vllm-openai,90348
2025-11-30T00:07:32.949460-08:00,lmcache,lmstack-router,141337
2025-11-30T06:01:06.321610-08:00,lmcache,vllm-openai,90458
2025-11-30T06:01:06.469320-08:00,lmcache,lmstack-router,141918
2025-11-30T12:07:14.158728-08:00,lmcache,vllm-openai,90638
2025-11-30T12:07:14.257324-08:00,lmcache,lmstack-router,142603
2025-11-30T18:48:35.265228-08:00,lmcache,vllm-openai,90851
2025-11-30T18:48:35.406869-08:00,lmcache,lmstack-router,143252
2025-12-01T00:10:00.232616-08:00,lmcache,vllm-openai,91065
2025-12-01T00:10:00.375094-08:00,lmcache,lmstack-router,143842
2025-12-01T06:01:21.222857-08:00,lmcache,vllm-openai,91330
2025-12-01T06:01:21.375550-08:00,lmcache,lmstack-router,144448
2025-12-01T12:07:12.712483-08:00,lmcache,vllm-openai,91406
2025-12-01T12:07:12.831342-08:00,lmcache,lmstack-router,145136
2025-12-01T18:35:49.283939-08:00,lmcache,vllm-openai,91447
2025-12-01T18:35:49.428360-08:00,lmcache,lmstack-router,145692
2025-12-02T00:09:06.236440-08:00,lmcache,vllm-openai,91483
2025-12-02T00:09:06.327890-08:00,lmcache,lmstack-router,146190
2025-12-02T06:01:31.008985-08:00,lmcache,vllm-openai,91539
2025-12-02T06:01:31.092636-08:00,lmcache,lmstack-router,147012
2025-12-02T12:08:13.187667-08:00,lmcache,vllm-openai,91701
2025-12-02T12:08:13.333891-08:00,lmcache,lmstack-router,147522
2025-12-02T18:35:39.247099-08:00,lmcache,vllm-openai,91737
2025-12-02T18:35:39.327129-08:00,lmcache,lmstack-router,148199
2025-12-03T00:08:46.656082-08:00,lmcache,vllm-openai,91780
2025-12-03T00:08:46.753133-08:00,lmcache,lmstack-router,148900
2025-12-03T06:01:53.019178-08:00,lmcache,vllm-openai,91832
2025-12-03T06:01:53.184631-08:00,lmcache,lmstack-router,149403
2025-12-03T12:08:34.238712-08:00,lmcache,vllm-openai,91923
2025-12-03T12:08:34.352342-08:00,lmcache,lmstack-router,149949
2025-12-03T18:35:40.818819-08:00,lmcache,vllm-openai,91980
2025-12-03T18:35:40.926689-08:00,lmcache,lmstack-router,150735
2025-12-04T00:09:27.410540-08:00,lmcache,vllm-openai,92048
2025-12-04T00:09:27.532245-08:00,lmcache,lmstack-router,151373
2025-12-04T06:01:33.140942-08:00,lmcache,vllm-openai,92207
2025-12-04T06:01:33.240327-08:00,lmcache,lmstack-router,152255
2025-12-04T12:07:58.800281-08:00,lmcache,vllm-openai,92310
2025-12-04T12:07:58.946287-08:00,lmcache,lmstack-router,153126
2025-12-04T18:35:53.103341-08:00,lmcache,vllm-openai,92386
2025-12-04T18:35:53.248473-08:00,lmcache,lmstack-router,153814
2025-12-05T00:08:27.550924-08:00,lmcache,vllm-openai,92500
2025-12-05T00:08:27.639397-08:00,lmcache,lmstack-router,154244
2025-12-05T06:01:22.021902-08:00,lmcache,vllm-openai,92679
2025-12-05T06:01:22.182365-08:00,lmcache,lmstack-router,154760
2025-12-05T12:07:50.663523-08:00,lmcache,vllm-openai,92771
2025-12-05T12:07:50.759779-08:00,lmcache,lmstack-router,155385
2025-12-05T18:33:17.136648-08:00,lmcache,vllm-openai,92852
2025-12-05T18:33:17.237280-08:00,lmcache,lmstack-router,155914
2025-12-06T00:07:45.671076-08:00,lmcache,vllm-openai,92913
2025-12-06T00:07:45.828256-08:00,lmcache,lmstack-router,156416
2025-12-06T06:01:07.653636-08:00,lmcache,vllm-openai,92985
2025-12-06T06:01:07.734036-08:00,lmcache,lmstack-router,156947
2025-12-06T12:07:04.713437-08:00,lmcache,vllm-openai,93006
2025-12-06T12:07:04.853291-08:00,lmcache,lmstack-router,157550
2025-12-06T18:41:11.837851-08:00,lmcache,vllm-openai,93064
2025-12-06T18:41:11.929499-08:00,lmcache,lmstack-router,158081
2025-12-07T00:07:37.266975-08:00,lmcache,vllm-openai,93186
2025-12-07T00:07:37.338587-08:00,lmcache,lmstack-router,158621
2025-12-07T06:01:09.133680-08:00,lmcache,vllm-openai,93245
2025-12-07T06:01:09.277248-08:00,lmcache,lmstack-router,159048
2025-12-07T12:07:05.595902-08:00,lmcache,vllm-openai,93261
2025-12-07T12:07:05.676193-08:00,lmcache,lmstack-router,159547
2025-12-07T18:36:32.829254-08:00,lmcache,vllm-openai,93283
2025-12-07T18:36:32.908030-08:00,lmcache,lmstack-router,160040
2025-12-08T00:09:59.389699-08:00,lmcache,vllm-openai,93305
2025-12-08T00:09:59.467407-08:00,lmcache,lmstack-router,160450
2025-12-08T06:01:21.147054-08:00,lmcache,vllm-openai,93409
2025-12-08T06:01:21.300966-08:00,lmcache,lmstack-router,161041
2025-12-08T12:08:00.487380-08:00,lmcache,vllm-openai,93535
2025-12-08T12:08:00.576143-08:00,lmcache,lmstack-router,161913
2025-12-08T18:35:53.849297-08:00,lmcache,vllm-openai,93711
2025-12-08T18:35:53.964262-08:00,lmcache,lmstack-router,162810
2025-12-09T00:09:37.197919-08:00,lmcache,vllm-openai,93868
2025-12-09T00:09:37.275473-08:00,lmcache,lmstack-router,163556
2025-12-09T06:01:22.808367-08:00,lmcache,vllm-openai,93970
2025-12-09T06:01:22.901342-08:00,lmcache,lmstack-router,164267
2025-12-09T12:07:11.165126-08:00,lmcache,vllm-openai,94034
2025-12-09T12:07:11.287621-08:00,lmcache,lmstack-router,164785
2025-12-09T18:37:14.520159-08:00,lmcache,vllm-openai,94089
2025-12-09T18:37:14.611672-08:00,lmcache,lmstack-router,165306
2025-12-10T00:08:52.738278-08:00,lmcache,vllm-openai,94139
2025-12-10T00:08:52.909315-08:00,lmcache,lmstack-router,165727
2025-12-10T06:02:10.685783-08:00,lmcache,vllm-openai,94221
2025-12-10T06:02:10.832567-08:00,lmcache,lmstack-router,166296
2025-12-10T12:08:22.859408-08:00,lmcache,vllm-openai,94319
2025-12-10T12:08:23.027588-08:00,lmcache,lmstack-router,166859
2025-12-10T18:38:12.233530-08:00,lmcache,vllm-openai,94368
2025-12-10T18:38:12.333472-08:00,lmcache,lmstack-router,167380
2025-12-11T00:09:15.986565-08:00,lmcache,vllm-openai,94422
2025-12-11T00:09:16.150957-08:00,lmcache,lmstack-router,167851
2025-12-11T06:02:26.157170-08:00,lmcache,vllm-openai,94487
2025-12-11T06:02:26.240622-08:00,lmcache,lmstack-router,168487
2025-12-11T12:08:44.081336-08:00,lmcache,vllm-openai,94669
2025-12-11T12:08:44.153685-08:00,lmcache,lmstack-router,169000
2025-12-11T18:37:54.250602-08:00,lmcache,vllm-openai,94733
2025-12-11T18:37:54.398061-08:00,lmcache,lmstack-router,169561
2025-12-12T00:09:19.534224-08:00,lmcache,vllm-openai,94762
2025-12-12T00:09:19.629060-08:00,lmcache,lmstack-router,170014
2025-12-12T06:01:10.505246-08:00,lmcache,vllm-openai,94788
2025-12-12T06:01:10.616644-08:00,lmcache,lmstack-router,170589
2025-12-12T12:07:59.039119-08:00,lmcache,vllm-openai,94849
2025-12-12T12:07:59.134737-08:00,lmcache,lmstack-router,171118
2025-12-12T18:34:58.576689-08:00,lmcache,vllm-openai,94903
2025-12-12T18:34:58.710870-08:00,lmcache,lmstack-router,171583
2025-12-13T00:07:58.479184-08:00,lmcache,vllm-openai,94924
2025-12-13T00:07:58.664746-08:00,lmcache,lmstack-router,172011
2025-12-13T06:01:11.645467-08:00,lmcache,vllm-openai,95044
2025-12-13T06:01:11.778141-08:00,lmcache,lmstack-router,172474
2025-12-13T12:07:08.313965-08:00,lmcache,vllm-openai,95131
2025-12-13T12:07:08.458076-08:00,lmcache,lmstack-router,173118
2025-12-13T18:42:07.152134-08:00,lmcache,vllm-openai,95251
2025-12-13T18:42:07.293043-08:00,lmcache,lmstack-router,173881
2025-12-14T00:08:02.535553-08:00,lmcache,vllm-openai,95322
2025-12-14T00:08:02.685543-08:00,lmcache,lmstack-router,174462
2025-12-14T06:01:13.311653-08:00,lmcache,vllm-openai,95386
2025-12-14T06:01:13.394354-08:00,lmcache,lmstack-router,175185
2025-12-14T12:07:10.962984-08:00,lmcache,vllm-openai,95405
2025-12-14T12:07:11.096584-08:00,lmcache,lmstack-router,175724
2025-12-14T18:41:22.878400-08:00,lmcache,vllm-openai,95444
2025-12-14T18:41:23.030091-08:00,lmcache,lmstack-router,176480
2025-12-15T00:10:13.111331-08:00,lmcache,vllm-openai,95467
2025-12-15T00:10:13.205736-08:00,lmcache,lmstack-router,177069
2025-12-15T06:02:57.011397-08:00,lmcache,vllm-openai,95531
2025-12-15T06:02:57.152644-08:00,lmcache,lmstack-router,177739
2025-12-15T12:08:16.965992-08:00,lmcache,vllm-openai,95742
2025-12-15T12:08:17.051218-08:00,lmcache,lmstack-router,178405
2025-12-15T18:38:00.119144-08:00,lmcache,vllm-openai,95953
2025-12-15T18:38:00.260363-08:00,lmcache,lmstack-router,179252
2025-12-16T00:09:48.039957-08:00,lmcache,vllm-openai,96108
2025-12-16T00:09:48.155936-08:00,lmcache,lmstack-router,179891
2025-12-16T06:02:07.628974-08:00,lmcache,vllm-openai,96299
2025-12-16T06:02:07.724688-08:00,lmcache,lmstack-router,180616
2025-12-16T12:08:42.593624-08:00,lmcache,vllm-openai,96466
2025-12-16T12:08:42.685937-08:00,lmcache,lmstack-router,181420
2025-12-16T18:36:16.726465-08:00,lmcache,vllm-openai,96640
2025-12-16T18:36:16.844519-08:00,lmcache,lmstack-router,182461
2025-12-17T00:09:16.263234-08:00,lmcache,vllm-openai,96772
2025-12-17T00:09:16.475611-08:00,lmcache,lmstack-router,183124
2025-12-17T06:01:31.645396-08:00,lmcache,vllm-openai,96925
2025-12-17T06:01:31.798382-08:00,lmcache,lmstack-router,183843
2025-12-17T12:08:17.376705-08:00,lmcache,vllm-openai,97203
2025-12-17T12:08:17.505931-08:00,lmcache,lmstack-router,184728
2025-12-17T18:36:16.216751-08:00,lmcache,vllm-openai,97385
2025-12-17T18:36:16.370825-08:00,lmcache,lmstack-router,185471
2025-12-18T00:08:54.010644-08:00,lmcache,vllm-openai,97473
2025-12-18T00:08:54.115730-08:00,lmcache,lmstack-router,186078
2025-12-18T06:02:27.462213-08:00,lmcache,vllm-openai,97512
2025-12-18T06:02:27.552525-08:00,lmcache,lmstack-router,186782
2025-12-18T12:08:02.268491-08:00,lmcache,vllm-openai,97531
2025-12-18T12:08:02.410440-08:00,lmcache,lmstack-router,187427
2025-12-18T18:37:24.780485-08:00,lmcache,vllm-openai,97575
2025-12-18T18:37:24.924898-08:00,lmcache,lmstack-router,187903
2025-12-19T00:08:47.749852-08:00,lmcache,vllm-openai,97611
2025-12-19T00:08:47.886474-08:00,lmcache,lmstack-router,188257
2025-12-19T06:01:21.467161-08:00,lmcache,vllm-openai,97712
2025-12-19T06:01:21.559806-08:00,lmcache,lmstack-router,188765
2025-12-19T12:07:47.743977-08:00,lmcache,vllm-openai,97742
2025-12-19T12:07:47.840113-08:00,lmcache,lmstack-router,189156
2025-12-19T18:34:49.921567-08:00,lmcache,vllm-openai,97872
2025-12-19T18:34:50.024424-08:00,lmcache,lmstack-router,189648
2025-12-20T00:07:59.466974-08:00,lmcache,vllm-openai,97918
2025-12-20T00:07:59.589712-08:00,lmcache,lmstack-router,190072
2025-12-20T06:01:11.977957-08:00,lmcache,vllm-openai,97929
2025-12-20T06:01:12.080776-08:00,lmcache,lmstack-router,190387
2025-12-20T12:07:02.299954-08:00,lmcache,vllm-openai,97943
2025-12-20T12:07:02.386442-08:00,lmcache,lmstack-router,190815
